-- phpMyAdmin SQL Dump
-- version 5.2.1
-- https://www.phpmyadmin.net/
--
-- Servidor: 127.0.0.1
-- Tiempo de generación: 21-11-2023 a las 21:35:22
-- Versión del servidor: 10.4.28-MariaDB
-- Versión de PHP: 8.2.4

SET SQL_MODE = "NO_AUTO_VALUE_ON_ZERO";
START TRANSACTION;
SET time_zone = "+00:00";


/*!40101 SET @OLD_CHARACTER_SET_CLIENT=@@CHARACTER_SET_CLIENT */;
/*!40101 SET @OLD_CHARACTER_SET_RESULTS=@@CHARACTER_SET_RESULTS */;
/*!40101 SET @OLD_COLLATION_CONNECTION=@@COLLATION_CONNECTION */;
/*!40101 SET NAMES utf8mb4 */;

--
-- Base de datos: `tienda-online`
--

-- --------------------------------------------------------

--
-- Estructura de tabla para la tabla `categorias`
--

CREATE TABLE `categorias` (
  `id` int(11) NOT NULL,
  `categoria` varchar(100) NOT NULL,
  `imagen` varchar(150) NOT NULL,
  `estado` int(11) NOT NULL DEFAULT 1
) ENGINE=InnoDB DEFAULT CHARSET=utf8mb4 COLLATE=utf8mb4_general_ci;

--
-- Volcado de datos para la tabla `categorias`
--

INSERT INTO `categorias` (`id`, `categoria`, `imagen`, `estado`) VALUES
(1, 'TECNOLOGIA', 'assets/images/categorias/20220805093011.jpg', 1),
(2, 'DISEÑO WEB', 'assets/images/categorias/20220805093028.jpg', 1),
(3, 'FASHION', 'NO', 1),
(4, 'SISTEMAS', '', 1);

-- --------------------------------------------------------

--
-- Estructura de tabla para la tabla `clientes`
--

CREATE TABLE `clientes` (
  `id` int(11) NOT NULL,
  `nombre` varchar(150) NOT NULL,
  `correo` varchar(80) NOT NULL,
  `clave` varchar(100) NOT NULL,
  `perfil` varchar(100) NOT NULL DEFAULT 'default.png',
  `token` varchar(100) DEFAULT NULL,
  `verify` int(11) NOT NULL DEFAULT 0
) ENGINE=InnoDB DEFAULT CHARSET=utf8mb4 COLLATE=utf8mb4_general_ci;

--
-- Volcado de datos para la tabla `clientes`
--

INSERT INTO `clientes` (`id`, `nombre`, `correo`, `clave`, `perfil`, `token`, `verify`) VALUES
(1, 'Johan Barrios', 'farith2699@gmail.com', '$2y$10$npD5mgqeBzu91NjqFCrxcum65XTl7psu.5MRKzp5igGhhkbFfBr0q', 'default.png', NULL, 1);

-- --------------------------------------------------------

--
-- Estructura de tabla para la tabla `detalle_pedidos`
--

CREATE TABLE `detalle_pedidos` (
  `id` int(11) NOT NULL,
  `producto` varchar(255) NOT NULL,
  `precio` decimal(10,3) NOT NULL,
  `cantidad` int(11) NOT NULL,
  `id_pedido` int(11) NOT NULL,
  `id_producto` int(11) NOT NULL
) ENGINE=InnoDB DEFAULT CHARSET=utf8mb4 COLLATE=utf8mb4_general_ci;

--
-- Volcado de datos para la tabla `detalle_pedidos`
--

INSERT INTO `detalle_pedidos` (`id`, `producto`, `precio`, `cantidad`, `id_pedido`, `id_producto`) VALUES
(1, 'MICROFONO', 8.000, 2, 1, 4),
(2, 'PARLANTE HILON', 10.000, 2, 1, 1),
(3, 'FASHION 2', 3.000, 1, 1, 8);

-- --------------------------------------------------------

--
-- Estructura de tabla para la tabla `pedidos`
--

CREATE TABLE `pedidos` (
  `id` int(11) NOT NULL,
  `id_transaccion` varchar(80) NOT NULL,
  `monto` decimal(10,3) NOT NULL,
  `estado` varchar(30) NOT NULL,
  `fecha` datetime NOT NULL,
  `email` varchar(80) NOT NULL,
  `nombre` varchar(100) NOT NULL,
  `apellido` varchar(100) NOT NULL,
  `direccion` varchar(255) NOT NULL,
  `ciudad` varchar(50) NOT NULL,
  `id_cliente` int(11) NOT NULL,
  `proceso` enum('1','2','3') NOT NULL DEFAULT '1'
) ENGINE=InnoDB DEFAULT CHARSET=utf8mb4 COLLATE=utf8mb4_general_ci;

--
-- Volcado de datos para la tabla `pedidos`
--

INSERT INTO `pedidos` (`id`, `id_transaccion`, `monto`, `estado`, `fecha`, `email`, `nombre`, `apellido`, `direccion`, `ciudad`, `id_cliente`, `proceso`) VALUES
(1, '2LJ72171JE794544M', 39.000, 'COMPLETED', '2023-11-16 21:49:52', 'sb-j6jdb7896999@personal.example.com', 'John', 'Doe', 'Los Rosales', 'lurigancho', 1, '1');

-- --------------------------------------------------------

--
-- Estructura de tabla para la tabla `productos`
--

CREATE TABLE `productos` (
  `id` int(11) NOT NULL,
  `nombre` varchar(255) NOT NULL,
  `descripcion` longtext NOT NULL,
  `precio` decimal(10,3) NOT NULL,
  `cantidad` int(11) NOT NULL,
  `imagen` varchar(150) NOT NULL,
  `estado` int(11) NOT NULL DEFAULT 1,
  `id_categoria` int(11) NOT NULL
) ENGINE=InnoDB DEFAULT CHARSET=utf8mb4 COLLATE=utf8mb4_general_ci;

--
-- Volcado de datos para la tabla `productos`
--

INSERT INTO `productos` (`id`, `nombre`, `descripcion`, `precio`, `cantidad`, `imagen`, `estado`, `id_categoria`) VALUES
(1, 'PARLANTE HILON', 'Lorem ipsum, dolor sit amet consectetur adipisicing elit. Consectetur aperiam accusamus incidunt cum laudantium laborum ipsum magni sequi expedita ad, rem esse rerum ea saepe provident! Temporibus corporis atque earum?\r\n', 10.000, 10, 'assets/images/productos/20220805093212.jpg', 1, 1),
(2, 'CAMARA WEB', 'Lorem ipsum, dolor sit amet consectetur adipisicing elit. Consectetur aperiam accusamus incidunt cum laudantium laborum ipsum magni sequi expedita ad, rem esse rerum ea saepe provident! Temporibus corporis atque earum?', 20.000, 15, 'assets/images/productos/20220805093304.jpg', 1, 1),
(3, 'TELEVISOR LG', 'Lorem ipsum, dolor sit amet consectetur adipisicing elit. Consectetur aperiam accusamus incidunt cum laudantium laborum ipsum magni sequi expedita ad, rem esse rerum ea saepe provident! Temporibus corporis atque earum?', 10.000, 40, 'assets/images/productos/20220805093355.jpg', 1, 1),
(4, 'MICROFONO', 'Lorem ipsum, dolor sit amet consectetur adipisicing elit. Consectetur aperiam accusamus incidunt cum laudantium laborum ipsum magni sequi expedita ad, rem esse rerum ea saepe provident! Temporibus corporis atque earum?', 8.000, 5, 'assets/images/productos/20220805093426.jpg', 1, 1),
(5, 'LAPTOP LENOVO', 'Lorem ipsum, dolor sit amet consectetur adipisicing elit. Consectetur aperiam accusamus incidunt cum laudantium laborum ipsum magni sequi expedita ad, rem esse rerum ea saepe provident! Temporibus corporis atque earum?', 30.000, 12, 'assets/images/productos/20220805093535.jpg', 1, 1),
(6, 'NUEVO PRODUCTO', '<p>Lorem ipsum, dolor sit amet consectetur adipisicing elit. Incidunt, facere.</p><ol><li>Lorem ipsum, dolor sit amet <strong>consectetur</strong> adipisicing elit. Incidunt, facere.</li><li><a href=\"https://angelsifuentes.com/pos\">https://angelsifuentes.com/pos</a></li></ol>', 5.000, 16, 'assets/images/productos/20231121145648.jpg', 1, 2),
(7, 'CAMISA', 'Lorem ipsum, dolor sit amet consectetur adipisicing elit. Consectetur aperiam accusamus incidunt cum laudantium laborum ipsum magni sequi expedita ad, rem esse rerum ea saepe provident! Temporibus corporis atque earum?', 8.000, 5, 'assets/images/productos/fashion1.png', 1, 3),
(8, 'CAMISETA', 'Lorem ipsum, dolor sit amet consectetur adipisicing elit. Consectetur aperiam accusamus incidunt cum laudantium laborum ipsum magni sequi expedita ad, rem esse rerum ea saepe provident! Temporibus corporis atque earum?', 3.000, 12, 'assets/images/productos/fashion2.png', 1, 3),
(10, 'SISTEMA DE VENTAS', 'si se puede', 12.000, 12, 'assets/images/productos/20230710235600.jpg', 1, 4);

-- --------------------------------------------------------

--
-- Estructura de tabla para la tabla `usuarios`
--

CREATE TABLE `usuarios` (
  `id` int(11) NOT NULL,
  `nombres` varchar(100) NOT NULL,
  `apellidos` varchar(100) NOT NULL,
  `correo` varchar(100) NOT NULL,
  `clave` varchar(100) NOT NULL,
  `perfil` varchar(50) DEFAULT NULL,
  `estado` int(11) NOT NULL DEFAULT 1
) ENGINE=InnoDB DEFAULT CHARSET=utf8mb4 COLLATE=utf8mb4_general_ci;

--
-- Volcado de datos para la tabla `usuarios`
--

INSERT INTO `usuarios` (`id`, `nombres`, `apellidos`, `correo`, `clave`, `perfil`, `estado`) VALUES
(1, 'FARITH', 'SUAREZ', 'johan.barrios@gmail.com', '$2y$10$XtV68JJ/fABHwWMARZotF.9BHbkwBpquycry2HYOlS.QaUGt/mls2', NULL, 1),
(2, 'hola', 'como', 'esta@gmail.com', '$2y$10$ZX9BeymxshOoe/I3pGoIp.6Ai5mrVxN1rdS4nrAQILsOjE9DPwdXW', NULL, 1);

--
-- Índices para tablas volcadas
--

--
-- Indices de la tabla `categorias`
--
ALTER TABLE `categorias`
  ADD PRIMARY KEY (`id`);

--
-- Indices de la tabla `clientes`
--
ALTER TABLE `clientes`
  ADD PRIMARY KEY (`id`);

--
-- Indices de la tabla `detalle_pedidos`
--
ALTER TABLE `detalle_pedidos`
  ADD PRIMARY KEY (`id`),
  ADD KEY `id_pedido` (`id_pedido`);

--
-- Indices de la tabla `pedidos`
--
ALTER TABLE `pedidos`
  ADD PRIMARY KEY (`id`);

--
-- Indices de la tabla `productos`
--
ALTER TABLE `productos`
  ADD PRIMARY KEY (`id`),
  ADD KEY `id_categoria` (`id_categoria`);

--
-- Indices de la tabla `usuarios`
--
ALTER TABLE `usuarios`
  ADD PRIMARY KEY (`id`);

--
-- AUTO_INCREMENT de las tablas volcadas
--

--
-- AUTO_INCREMENT de la tabla `categorias`
--
ALTER TABLE `categorias`
  MODIFY `id` int(11) NOT NULL AUTO_INCREMENT, AUTO_INCREMENT=5;

--
-- AUTO_INCREMENT de la tabla `clientes`
--
ALTER TABLE `clientes`
  MODIFY `id` int(11) NOT NULL AUTO_INCREMENT, AUTO_INCREMENT=2;

--
-- AUTO_INCREMENT de la tabla `detalle_pedidos`
--
ALTER TABLE `detalle_pedidos`
  MODIFY `id` int(11) NOT NULL AUTO_INCREMENT, AUTO_INCREMENT=4;

--
-- AUTO_INCREMENT de la tabla `pedidos`
--
ALTER TABLE `pedidos`
  MODIFY `id` int(11) NOT NULL AUTO_INCREMENT, AUTO_INCREMENT=2;

--
-- AUTO_INCREMENT de la tabla `productos`
--
ALTER TABLE `productos`
  MODIFY `id` int(11) NOT NULL AUTO_INCREMENT, AUTO_INCREMENT=11;

--
-- AUTO_INCREMENT de la tabla `usuarios`
--
ALTER TABLE `usuarios`
  MODIFY `id` int(11) NOT NULL AUTO_INCREMENT, AUTO_INCREMENT=3;

--
-- Restricciones para tablas volcadas
--

--
-- Filtros para la tabla `detalle_pedidos`
--
ALTER TABLE `detalle_pedidos`
  ADD CONSTRAINT `detalle_pedidos_ibfk_1` FOREIGN KEY (`id_pedido`) REFERENCES `pedidos` (`id`);

--
-- Filtros para la tabla `productos`
--
ALTER TABLE `productos`
  ADD CONSTRAINT `productos_ibfk_1` FOREIGN KEY (`id_categoria`) REFERENCES `categorias` (`id`);
COMMIT;

/*!40101 SET CHARACTER_SET_CLIENT=@OLD_CHARACTER_SET_CLIENT */;
/*!40101 SET CHARACTER_SET_RESULTS=@OLD_CHARACTER_SET_RESULTS */;
/*!40101 SET COLLATION_CONNECTION=@OLD_COLLATION_CONNECTION */;
